Claim_ID,Claim_Text,Evidence_Type,Evidence_Source,Verification_Status,Visual_Required,Notes
C1,Stability-constrained selection beats correctness-only selection at comparable or lower token cost,experiment,"Phase 4 selector run: stability-constrained vs correctness-only objective, matched token budget, Qwen2.5-Coder-7B",planned,yes,"Main result table; must report accuracy/F1, flip rate, robust correctness, and tokens together"
C1,Cost-reliability frontier of selected context,experiment,Token budget sweep across selection objectives,planned,yes,Frontier plot; supports the 'comparable or lower token cost' half of the claim
C1,Controls that rule out degenerate stability,experiment,"Constant-predictor control, random subset at matched budget, diff-only lower bound, full-context upper bound",planned,no,Required so stability gains are not achieved by collapsing to one class
C1,Positioning against correctness-only minimal context,citation,msc2026issue; swepruner2026,verified,no,"Cited to establish that prior objectives omit stability; do not overstate as 'no one studies minimality'"
C1,Stability measured on perturbation families held out from selection,experiment,Selection/evaluation split over perturbation families,planned,no,Prevents crediting the selector for fitting the perturbations it optimized against
C1,Rate at which the two objectives choose different subsets,experiment,Subset disagreement count between stability-constrained and correctness-only selection,planned,yes,Determines statistical power for C1; reported as a first-class result
C1,Pre-registered thresholds and noise band,analysis,"Development-set record of tau_c, tau_s, matched-budget rule, seed noise band",planned,no,Guards against circularity; must be committed before the test run
C1,Selection-time cost separated from inference cost,experiment,Reviewer calls during selection vs tokens at final query time,planned,no,Answers the 'cheaper only if you ignore search cost' objection
C2,Frozen code LLMs flip review judgments under semantics-preserving changes,experiment,"Phase 1 baseline vs perturbed runs on CodeReviewer quality estimation; renaming, formatting, comment edits, prompt paraphrase",planned,yes,"Flip rate per perturbation family, with seed-noise band shown for reference"
C2,Instability premise exists in adjacent tasks,citation,morvalho2026mutations; execsem2026,verified,no,Prior work is on output/execution prediction; cite as motivation not as our result
C2,Perturbations really preserve the label,experiment,"Scope-checked renaming, manual audit sample, execution-based check where runnable",planned,no,Leakage/validity guard for C2; report audit agreement rate
C3,Marginal value of context types is non-monotone and example-dependent,experiment,Phase 2 one-at-a-time context ablation on ContextCRBench context types,planned,yes,Per-example gain distribution; not only the aggregate mean
C3,Prior work conflicts on whether more context helps,citation,hu2025contextcrbench; swe_prbench2026,verified,no,"ContextCRBench reports gains from textual context; SWE-PRBench reports monotone degradation - this tension is the motivation"
C3,Model-size and family ablation for context value,experiment,3B vs 7B and optional second open family,planned,yes,Guards against conclusions specific to one checkpoint
C4,Greedy search approximates the exhaustive minimal-context optimum within a measurable gap,experiment,Phase 3 exhaustive enumeration over p=4-5 candidate types vs greedy forward and backward on the same subset,planned,yes,"Report gap, subset agreement, and reviewer-call count for each method"
C4,Query-cost accounting for each selector,experiment,Reviewer call counts per example for exhaustive vs greedy vs retrieval baseline,planned,no,Supports the feasibility half of C4
C5,Context selected on an open 7B reviewer transfers only partially to unseen reviewers,experiment,"Phase 5 transfer: apply 7B-selected subsets to a second open family and a stratified closed-model subset",planned,yes,"Transfer matrix; negative result is acceptable and must be reported plainly"
C5,Cross-model prompt/context transfer is not assumed to be free,citation,promptbridge2025,verified,no,Supports treating RQ4 as open rather than presuming positive transfer
C5,Failure characterization for non-transferring examples,analysis,Qualitative stratification of examples where transfer fails,planned,no,Required by the course rubric's emphasis on honest error analysis
C5,Transfer floor and ceiling anchors,experiment,"Matched-budget random subset floor; reviewer-specific selection ceiling",planned,yes,Keeps 'partial transfer' falsifiable instead of absorbing every outcome
C2,Code-level and prompt-level invariance reported separately,experiment,"Flip rates split by perturbation family: renaming, formatting, comments, prompt paraphrase",planned,yes,Prompt paraphrase tests a different invariance than code mutation and is not pooled
